{"cameraMode":{"drawMode":0,"name":"Shaded","section":"Shading Mode"},"sceneLighting":false,"audioPlay":false,"sceneViewState":{"m_AlwaysRefresh":false,"showFog":true,"showSkybox":false,"showFlares":true,"showImageEffects":true,"showParticleSystems":true,"showVisualEffectGraphs":true,"m_FxEnabled":true},"in2DMode":false,"pivot":{"x":0.11660289764404297,"y":2.5020151138305666,"z":-10.422657012939454},"rotation":{"x":-0.06787575036287308,"y":0.9286494851112366,"z":-0.21284762024879456,"w":-0.2961404621601105},"size":4.354423522949219,"orthographic":false}