{"cameraMode":{"drawMode":0,"name":"Shaded","section":"Shading Mode"},"sceneLighting":true,"audioPlay":false,"sceneViewState":{"m_AlwaysRefresh":false,"showFog":true,"showSkybox":false,"showFlares":true,"showImageEffects":true,"showParticleSystems":true,"showVisualEffectGraphs":true,"m_FxEnabled":true},"in2DMode":false,"pivot":{"x":-0.619999885559082,"y":1.7799997329711915,"z":-9.530000686645508},"rotation":{"x":0.2508758008480072,"y":-0.040342241525650027,"z":0.010465150699019432,"w":0.9671226143836975},"size":14.724469184875489,"orthographic":false}