{"cameraMode":{"drawMode":0,"name":"Shaded","section":"Shading Mode"},"sceneLighting":true,"audioPlay":false,"sceneViewState":{"m_AlwaysRefresh":false,"showFog":true,"showSkybox":true,"showFlares":true,"showImageEffects":true,"showParticleSystems":true,"showVisualEffectGraphs":true,"m_FxEnabled":true},"in2DMode":false,"pivot":{"x":-23.66223907470703,"y":-130.18617248535157,"z":54.830963134765628},"rotation":{"x":0.5216450095176697,"y":-0.11443223804235459,"z":0.07085195183753967,"w":0.8424856662750244},"size":113.96930694580078,"orthographic":false}