{"cameraMode":{"drawMode":0,"name":"Shaded","section":"Shading Mode"},"sceneLighting":true,"audioPlay":false,"sceneViewState":{"m_AlwaysRefresh":false,"showFog":true,"showSkybox":true,"showFlares":true,"showImageEffects":true,"showParticleSystems":true,"showVisualEffectGraphs":true,"m_FxEnabled":true},"in2DMode":false,"pivot":{"x":0.41819626092910769,"y":0.5969477295875549,"z":-0.9409613609313965},"rotation":{"x":0.0006944608176127076,"y":-0.9944390058517456,"z":0.10511303693056107,"w":0.006570165976881981},"size":1.852590560913086,"orthographic":false}